{"cameraMode":{"drawMode":0,"name":"Shaded","section":"Shading Mode"},"sceneLighting":false,"audioPlay":false,"sceneViewState":{"showFog":true,"showMaterialUpdate":false,"showSkybox":true,"showFlares":true,"showImageEffects":true,"showParticleSystems":true},"in2DMode":false,"pivot":{"x":1.7589950561523438,"y":4.034656524658203,"z":-5.907978057861328},"rotation":{"x":-0.051594771444797519,"y":0.8769257664680481,"z":-0.09668383002281189,"w":-0.46796610951423647},"size":9.550000190734864,"orthographic":false}